Track Name,Acousticness,Danceability,Duration,Energy,Instrumentalness,Loudness,Speechiness,Tempo,Valence
Welcome To New York (Taylor's Version),0.00942,0.757,212600,0.61,3.66e-05,-4.84,0.0327,116.998,0.685
Blank Space (Taylor's Version),0.0885,0.733,231833,0.733,0,-5.376,0.067,96.057,0.701
Style (Taylor's Version),0.000421,0.511,231000,0.822,0.0197,-4.785,0.0397,94.868,0.305
Out Of The Woods (Taylor's Version),0.000537,0.545,235800,0.885,5.59e-05,-5.968,0.0447,92.021,0.206
All You Had To Do Was Stay (Taylor's Version),0.000656,0.588,193289,0.721,0,-5.579,0.0317,96.997,0.52
Shake It Off (Taylor's Version),0.0121,0.636,219209,0.808,2.18e-05,-5.693,0.0729,160.058,0.917
I Wish You Would (Taylor's Version),0.00354,0.67,207650,0.858,1.25e-05,-6.528,0.0439,118.009,0.539
Bad Blood (Taylor's Version),0.0362,0.618,211104,0.683,0,-6.438,0.194,169.971,0.363
Wildest Dreams (Taylor's Version),0.0436,0.589,220433,0.674,7.18e-05,-7.48,0.0656,139.985,0.514
How You Get The Girl (Taylor's Version),0.00196,0.758,247533,0.691,1.09e-05,-5.798,0.0515,119.997,0.538
This Love (Taylor’s Version),0.316,0.471,250100,0.509,0,-8.796,0.0355,144.071,0.0567
I Know Places (Taylor's Version),0.0999,0.582,195700,0.788,0,-5.358,0.0445,160.027,0.652
Clean (Taylor's Version),0.25,0.772,271000,0.391,2.92e-05,-8.892,0.0293,103.955,0.258
Wonderland (Taylor's Version),0.00976,0.464,245567,0.705,2.61e-05,-5.97,0.0434,183.892,0.385
You Are In Love (Taylor's Version),0.61,0.363,267389,0.498,3.91e-06,-9.473,0.0755,84.68,0.477
New Romantics (Taylor's Version),0.00675,0.649,230178,0.846,4.63e-06,-5.958,0.0602,121.978,0.698
"""Slut!"" (Taylor's Version) (From The Vault)",0.309,0.591,180381,0.412,0.000199,-13.27,0.0863,155.875,0.328
Say Don't Go (Taylor's Version) (From The Vault),0.066,0.633,279833,0.551,9.94e-06,-8.297,0.0341,109.95,0.164
Now That We Don't Talk (Taylor's Version) (From The Vault),0.16,0.8,146437,0.501,7.14e-05,-9.332,0.034,110.013,0.0831
Suburban Legends (Taylor's Version) (From The Vault),0.207,0.701,171819,0.625,0,-8.804,0.036,118.036,0.323
Is It Over Now? (Taylor's Version) (From The Vault),0.041,0.595,229478,0.656,0,-7.343,0.037,99.994,0.191
Bad Blood (feat. Kendrick Lamar) (Taylor's Version),0.0104,0.602,199773,0.648,0,-6.905,0.103,170.091,0.174
Welcome To New York (Taylor's Version),0.00961,0.761,212600,0.607,2.24e-05,-4.83,0.0312,116.98,0.674
Blank Space (Taylor's Version),0.0976,0.737,231833,0.725,0,-5.417,0.0641,96.012,0.755
Style (Taylor's Version),0.000418,0.575,231000,0.824,0.0214,-4.823,0.038,94.971,0.292
Out Of The Woods (Taylor's Version),0.000512,0.547,235800,0.885,9.37e-05,-5.961,0.0418,91.992,0.192
All You Had To Do Was Stay (Taylor's Version),0.000718,0.586,193289,0.72,0,-5.556,0.035,97.057,0.481
Shake It Off (Taylor's Version),0.0103,0.632,219209,0.807,1.27e-05,-5.676,0.0738,160.055,0.921
I Wish You Would (Taylor's Version),0.00357,0.669,207650,0.851,1.04e-05,-6.526,0.0432,118.026,0.541
Bad Blood (Taylor's Version),0.0385,0.619,211104,0.686,0,-6.369,0.164,169.943,0.364
Wildest Dreams (Taylor's Version),0.0411,0.581,220433,0.672,9.35e-05,-7.415,0.0739,140.061,0.514
How You Get The Girl (Taylor's Version),0.00209,0.754,247533,0.682,9.88e-06,-5.789,0.0565,120.027,0.547
This Love (Taylor’s Version),0.299,0.474,250100,0.511,0,-8.766,0.0339,144.022,0.0586
I Know Places (Taylor's Version),0.087,0.575,195700,0.803,0,-5.393,0.0465,160.039,0.68
Clean (Taylor's Version),0.276,0.771,271000,0.386,2.01e-05,-8.917,0.0297,103.96,0.239
Wonderland (Taylor's Version),0.00933,0.462,245567,0.708,1.88e-05,-5.971,0.0555,183.811,0.337
You Are In Love (Taylor's Version),0.609,0.537,267389,0.495,2.49e-06,-9.416,0.0573,84.948,0.492
New Romantics (Taylor's Version),0.0068,0.651,230178,0.855,9.81e-06,-5.959,0.0538,121.98,0.698
"""Slut!"" (Taylor's Version) (From The Vault)",0.345,0.629,180381,0.413,7.62e-05,-13.178,0.055,77.983,0.306
Say Don't Go (Taylor's Version) (From The Vault),0.0656,0.626,279833,0.547,1.67e-05,-8.285,0.0342,109.946,0.192
Now That We Don't Talk (Taylor's Version) (From The Vault),0.186,0.793,146437,0.512,3.81e-05,-9.319,0.0338,109.994,0.0662
Suburban Legends (Taylor's Version) (From The Vault),0.198,0.699,171819,0.621,0,-8.739,0.0369,118.048,0.344
Is It Over Now? (Taylor's Version) (From The Vault),0.0504,0.596,229478,0.658,0,-7.346,0.036,100.012,0.176
Mine (Taylor's Version),0.00444,0.646,231707,0.783,1.38e-06,-2.846,0.0356,121.08,0.49
Sparks Fly (Taylor’s Version),0.0251,0.588,261231,0.758,0,-2.347,0.0305,114.991,0.387
Back To December (Taylor's Version),0.00621,0.497,294190,0.635,0,-3.927,0.0273,142.063,0.203
Speak Now (Taylor's Version),0.248,0.727,242473,0.677,0,-2.871,0.0325,118.995,0.639
Dear John (Taylor's Version),0.0236,0.419,405907,0.47,0,-5.016,0.0296,119.294,0.133
Mean (Taylor's Version),0.311,0.524,238693,0.692,0,-3.866,0.0369,163.874,0.621
The Story Of Us (Taylor's Version),0.00192,0.515,267653,0.781,0,-2.608,0.0535,139.846,0.57
Never Grow Up (Taylor's Version),0.851,0.685,292920,0.323,0,-7.103,0.0289,125.058,0.569
Enchanted (Taylor's Version),0.012,0.505,353253,0.532,0,-3.526,0.0265,81.907,0.216
Better Than Revenge (Taylor's Version),0.000886,0.496,220307,0.885,0,-2.969,0.0803,145.863,0.665
Innocent (Taylor's Version),0.101,0.522,301222,0.598,0,-5.327,0.0284,133.627,0.149
Haunted (Taylor's Version),0.00667,0.427,245413,0.915,0,-1.909,0.0619,162.201,0.355
Last Kiss (Taylor's Version),0.447,0.55,369120,0.366,4.43e-06,-8.46,0.0276,79.401,0.16
Long Live (Taylor's Version),0.0122,0.375,317960,0.65,0,-4.031,0.0402,203.89,0.0752
Ours (Taylor’s Version),0.449,0.535,235803,0.488,0,-8.261,0.0278,159.813,0.348
Superman (Taylor’s Version),0.0031,0.533,274945,0.742,0,-3.473,0.0303,131.93,0.356
Electric Touch (feat. Fall Out Boy) (Taylor’s Version) (From The Vault),0.0164,0.547,266467,0.855,0,-4.7,0.0597,131.073,0.282
When Emma Falls in Love (Taylor’s Version) (From The Vault),0.159,0.474,252386,0.763,0,-4.632,0.0505,78.133,0.231
I Can See You (Taylor’s Version) (From The Vault),0.0586,0.694,273186,0.764,0,-4.893,0.0337,123.044,0.819
Castles Crumbling (feat. Hayley Williams) (Taylor’s Version) (From The Vault),0.362,0.576,306062,0.57,0,-7.925,0.0434,147.803,0.378
Foolish One (Taylor’s Version) (From The Vault),0.617,0.671,311765,0.588,0,-4.675,0.0299,96.965,0.543
Timeless (Taylor’s Version) (From The Vault),0.3,0.624,321397,0.585,0,-5.847,0.0328,142.883,0.65
Lavender Haze,0.236,0.735,202396,0.454,0.00113,-10.516,0.0876,97.043,0.0751
Maroon,0.0609,0.65,218271,0.397,1.4e-06,-8.237,0.0365,108.055,0.0382
Anti-Hero,0.115,0.637,200690,0.649,1.22e-06,-6.59,0.0584,96.935,0.497
Snow On The Beach (feat. Lana Del Rey),0.705,0.653,256124,0.331,0.0013,-13.534,0.039,110.014,0.166
"You're On Your Own, Kid",0.423,0.694,194207,0.386,1.05e-05,-10.312,0.0597,120.044,0.39
Midnight Rain,0.705,0.654,174783,0.372,6.78e-05,-11.704,0.0667,140.15,0.198
Question...?,0.205,0.741,210557,0.509,0,-8.747,0.19,108.978,0.113
Vigilante Shit,0.157,0.867,164801,0.272,3.42e-05,-11.014,0.363,79.962,0.157
Bejeweled,0.0648,0.695,194166,0.546,0.000128,-9.184,0.066,164.0,0.425
Labyrinth,0.804,0.493,247962,0.308,0.328,-15.489,0.0436,109.993,0.13
Karma,0.0782,0.647,204852,0.614,0,-7.091,0.0651,90.034,0.0956
Sweet Nothing,0.967,0.335,188497,0.166,0.00012,-14.958,0.048,175.917,0.391
Mastermind,0.545,0.661,191039,0.345,0.000915,-14.037,0.144,125.977,0.126
The Great War,0.203,0.573,240356,0.737,2.78e-05,-9.002,0.0352,96.009,0.592
Bigger Than The Whole Sky,0.837,0.48,218503,0.22,0.00269,-12.469,0.0425,82.951,0.0633
Paris,0.116,0.691,196259,0.498,3.07e-05,-10.519,0.101,110.963,0.454
High Infidelity,0.726,0.564,231475,0.545,0,-10.17,0.104,176.082,0.766
Glitch,0.318,0.677,148781,0.451,0,-9.744,0.19,140.845,0.399
"Would've, Could've, Should've",0.435,0.482,260362,0.837,0.00147,-6.501,0.12,157.96,0.534
Dear Reader,0.497,0.475,225194,0.386,0.00104,-12.038,0.0737,107.601,0.162
Hits Different,0.148,0.672,234467,0.782,4.73e-06,-6.499,0.0421,106.026,0.239
Snow On The Beach (feat. More Lana Del Rey),0.806,0.664,229943,0.401,3.5e-06,-10.934,0.0344,109.846,0.315
Karma (feat. Ice Spice),0.0623,0.615,201493,0.616,0,-6.523,0.0622,89.977,0.0734
Lavender Haze,0.204,0.735,202396,0.444,0.0012,-10.519,0.0684,97.038,0.0984
Maroon,0.0593,0.658,218271,0.378,0,-8.3,0.0379,108.034,0.0382
Anti-Hero,0.133,0.638,200690,0.634,1.23e-06,-6.582,0.0457,96.953,0.519
Snow On The Beach (feat. Lana Del Rey),0.735,0.659,256124,0.323,0.00321,-13.425,0.0436,110.007,0.154
"You're On Your Own, Kid",0.416,0.694,194207,0.38,8.47e-06,-10.307,0.0614,120.044,0.376
Midnight Rain,0.71,0.636,174783,0.377,6.51e-05,-11.721,0.0708,139.966,0.23
Question...?,0.226,0.751,210557,0.502,0,-8.777,0.162,108.989,0.112
Vigilante Shit,0.16,0.87,164801,0.279,1.74e-05,-11.134,0.364,79.996,0.16
Bejeweled,0.0661,0.7,194166,0.55,0.000102,-9.13,0.0653,164.003,0.412
Labyrinth,0.791,0.487,247962,0.313,0.348,-15.434,0.0487,110.039,0.141
Karma,0.074,0.649,204852,0.622,0,-7.054,0.0582,90.024,0.106
Sweet Nothing,0.967,0.334,188497,0.161,4.71e-05,-14.875,0.0506,176.747,0.396
Mastermind,0.571,0.661,191039,0.352,0.00147,-14.077,0.117,125.934,0.13
The Great War,0.219,0.573,240356,0.741,2.23e-05,-8.987,0.0353,96.016,0.554
Bigger Than The Whole Sky,0.826,0.422,218503,0.235,0.00648,-12.379,0.0568,165.71,0.068
Paris,0.112,0.7,196259,0.509,3.27e-05,-10.547,0.0789,110.947,0.345
High Infidelity,0.723,0.646,231475,0.529,0,-10.179,0.0864,87.862,0.755
Glitch,0.361,0.675,148781,0.466,0,-9.738,0.201,140.864,0.347
"Would've, Could've, Should've",0.43,0.483,260362,0.84,0.000575,-6.508,0.119,157.979,0.55
Dear Reader,0.481,0.562,225194,0.388,0.00145,-12.088,0.0705,107.747,0.159
Lavender Haze,0.258,0.733,202396,0.436,0.000573,-10.489,0.08,96.985,0.0976
Maroon,0.0573,0.637,218271,0.398,1.03e-06,-8.294,0.0564,108.075,0.0374
Anti-Hero,0.13,0.637,200690,0.643,1.8e-06,-6.571,0.0519,97.008,0.533
Snow On The Beach (feat. Lana Del Rey),0.69,0.663,256124,0.319,0.000993,-13.481,0.0375,109.957,0.193
"You're On Your Own, Kid",0.401,0.696,194207,0.396,5.2e-06,-10.289,0.0656,120.041,0.38
Midnight Rain,0.69,0.643,174783,0.363,5.17e-05,-11.738,0.0767,139.865,0.23
Question...?,0.2,0.751,210557,0.502,0,-8.763,0.167,108.943,0.106
Vigilante Shit,0.173,0.798,164801,0.277,5.25e-05,-11.096,0.39,79.846,0.163
Bejeweled,0.0618,0.696,194166,0.559,5.58e-05,-9.19,0.0693,163.999,0.433
Labyrinth,0.785,0.406,247962,0.306,0.488,-15.48,0.0517,110.014,0.122
Karma,0.0734,0.642,204852,0.62,0,-7.091,0.0666,90.02,0.0969
Sweet Nothing,0.964,0.337,188497,0.156,7.72e-05,-14.919,0.0518,176.655,0.39
Mastermind,0.553,0.662,191039,0.357,0.00129,-14.064,0.154,125.966,0.124
State Of Grace (Taylor's Version),0.000328,0.594,295413,0.713,0,-5.314,0.0503,129.958,0.328
Red (Taylor's Version),0.00108,0.516,223093,0.777,1.62e-06,-4.908,0.0375,125.047,0.408
Treacherous (Taylor's Version),0.0344,0.645,242720,0.593,0.000127,-6.506,0.0288,109.984,0.299
I Knew You Were Trouble (Taylor's Version),0.0129,0.584,219760,0.557,0,-6.371,0.0342,154.008,0.767
All Too Well (Taylor's Version),0.0171,0.44,329160,0.528,0.00203,-7.809,0.0317,185.972,0.132
22 (Taylor's Version),0.000443,0.642,230960,0.695,1.02e-05,-5.62,0.0281,103.984,0.642
I Almost Do (Taylor's Version),0.0167,0.511,244587,0.559,0,-6.587,0.0264,145.88,0.248
We Are Never Ever Getting Back Together (Taylor's Version),0.0317,0.567,193147,0.686,1.86e-06,-6.139,0.175,172.014,0.716
Stay Stay Stay (Taylor's Version),0.0848,0.693,205787,0.681,0,-7.039,0.025,100.02,0.663
The Last Time (feat. Gary Lightbody of Snow Patrol) (Taylor’s Version),0.0399,0.502,299080,0.534,0,-5.954,0.0278,94.05,0.155
Holy Ground (Taylor's Version),0.0288,0.622,202960,0.809,0.00218,-5.623,0.0638,156.894,0.511
Sad Beautiful Tragic (Taylor's Version),0.622,0.601,284773,0.406,9.19e-05,-11.827,0.0275,130.059,0.232
The Lucky One (Taylor's Version),0.066,0.686,240467,0.571,0,-7.138,0.05,117.889,0.538
Everything Has Changed (feat. Ed Sheeran) (Taylor’s Version),0.271,0.498,245427,0.61,0,-5.098,0.0363,79.918,0.474
Starlight (Taylor's Version),0.00324,0.628,220413,0.685,0,-5.864,0.0358,126.014,0.605
Begin Again (Taylor's Version),0.075,0.519,238867,0.527,0,-7.673,0.0274,78.915,0.267
The Moment I Knew (Taylor's Version),0.0494,0.636,285280,0.402,0,-7.855,0.031,125.952,0.208
Come Back...Be Here (Taylor's Version),0.0158,0.46,223333,0.632,0,-6.031,0.0302,79.846,0.399
Girl At Home (Taylor's Version),0.00955,0.691,220520,0.736,1.88e-05,-6.974,0.0326,125.089,0.612
State Of Grace (Acoustic Version) (Taylor's Version),0.663,0.445,321640,0.131,1.57e-06,-13.778,0.0564,208.918,0.101
Ronan (Taylor's Version),0.661,0.623,264253,0.279,0,-10.802,0.031,116.04,0.38
Better Man (Taylor's Version) (From The Vault),0.214,0.473,297013,0.579,0,-5.824,0.0384,73.942,0.255
Nothing New (feat. Phoebe Bridgers) (Taylor’s Version) (From The Vault),0.817,0.606,258813,0.377,0,-9.455,0.0275,101.96,0.446
Babe (Taylor's Version) (From The Vault),0.0538,0.584,224240,0.743,2.83e-06,-7.075,0.0931,167.844,0.746
Message In A Bottle (Taylor's Version) (From The Vault),0.00188,0.622,225960,0.791,3.72e-06,-6.106,0.0535,115.915,0.494
I Bet You Think About Me (feat. Chris Stapleton) (Taylor’s Version) (From The Vault),0.167,0.391,285107,0.715,0,-4.516,0.0495,149.654,0.473
Forever Winter (Taylor's Version) (From The Vault),0.256,0.611,263533,0.552,0,-5.828,0.031,116.012,0.41
Run (feat. Ed Sheeran) (Taylor’s Version) (From The Vault),0.817,0.61,240227,0.488,0,-6.918,0.0293,125.039,0.443
The Very First Night (Taylor's Version) (From The Vault),0.00115,0.678,200280,0.733,0,-5.025,0.0281,121.009,0.581
All Too Well (10 Minute Version) (Taylor's Version) (From The Vault),0.274,0.631,613027,0.518,0,-8.771,0.0303,93.023,0.205
Fearless (Taylor’s Version),0.0122,0.569,241592,0.741,0,-4.963,0.0282,100.118,0.43
Fifteen (Taylor’s Version),0.116,0.559,294419,0.646,0,-4.61,0.0272,95.466,0.289
Love Story (Taylor’s Version),0.13,0.627,235767,0.792,3.97e-06,-4.311,0.031,119.054,0.415
Hey Stephen (Taylor’s Version),0.106,0.788,254255,0.571,0,-6.135,0.0296,115.99,0.797
White Horse (Taylor’s Version),0.369,0.423,234516,0.517,0,-7.377,0.0486,185.262,0.366
You Belong With Me (Taylor’s Version),0.0623,0.632,231124,0.773,0,-4.856,0.0346,130.033,0.474
Breathe (feat. Colbie Caillat) (Taylor’s Version),0.156,0.506,263377,0.626,0,-6.066,0.0287,148.035,0.321
Tell Me Why (Taylor’s Version),0.0222,0.578,200576,0.909,0,-3.669,0.0628,100.023,0.541
You’re Not Sorry (Taylor’s Version),0.0538,0.506,261843,0.444,0,-4.99,0.0285,133.873,0.241
The Way I Loved You (Taylor’s Version),0.0033,0.402,243137,0.732,0,-4.665,0.0484,161.032,0.472
Forever & Always (Taylor’s Version),0.0231,0.598,225328,0.821,0,-4.433,0.0447,128.03,0.673
The Best Day (Taylor’s Version),0.488,0.642,245290,0.576,0,-8.524,0.0282,125.0,0.469
Change (Taylor’s Version),0.000191,0.499,279360,0.815,0,-4.063,0.0341,95.999,0.344
Jump Then Fall (Taylor’s Version),0.0474,0.572,237580,0.69,0,-6.201,0.0358,160.111,0.624
Untouchable (Taylor’s Version),0.0181,0.393,312107,0.531,0,-6.112,0.0329,200.391,0.224
Forever & Always (Piano Version) (Taylor’s Version),0.819,0.546,267833,0.273,0,-9.208,0.0308,118.753,0.271
Come In With The Rain (Taylor’s Version),0.0406,0.476,237339,0.564,0,-5.677,0.0269,143.929,0.167
Superstar (Taylor’s Version),0.157,0.454,263865,0.555,0,-6.69,0.0283,171.862,0.171
The Other Side Of The Door (Taylor’s Version),0.0279,0.432,238444,0.873,0,-4.367,0.0577,163.936,0.629
Today Was A Fairytale (Taylor’s Version),0.0135,0.482,241822,0.779,0,-5.025,0.0409,158.162,0.328
You All Over Me (feat. Maren Morris) (Taylor’s Version) (From The Vault),0.816,0.599,220839,0.494,0,-7.61,0.0372,142.893,0.44
Mr. Perfectly Fine (Taylor’s Version) (From The Vault),0.162,0.66,277592,0.817,0,-6.269,0.0521,135.942,0.714
We Were Happy (Taylor’s Version) (From The Vault),0.849,0.609,244237,0.373,0,-8.819,0.0263,106.007,0.13
That’s When (feat. Keith Urban) (Taylor’s Version) (From The Vault),0.225,0.588,189496,0.608,0,-7.062,0.0365,90.201,0.508
Don’t You (Taylor’s Version) (From The Vault),0.514,0.563,208609,0.473,1.2e-05,-11.548,0.0503,101.934,0.405
Bye Bye Baby (Taylor’s Version) (From The Vault),0.334,0.624,242158,0.624,0,-7.86,0.0539,80.132,0.527
willow,0.833,0.392,214707,0.574,0.00179,-9.195,0.17,81.112,0.529
champagne problems,0.92,0.462,244000,0.24,0,-12.077,0.0377,171.319,0.32
gold rush,0.83,0.512,185320,0.462,0.166,-10.491,0.0408,112.05,0.353
‘tis the damn season,0.735,0.575,229840,0.434,6.59e-05,-8.193,0.0312,145.916,0.348
tolerate it,0.878,0.316,245440,0.361,2.67e-05,-10.381,0.0488,74.952,0.221
"no body, no crime (feat. HAIM)",0.418,0.546,215627,0.613,0,-7.589,0.0264,79.015,0.535
happiness,0.87,0.559,315147,0.334,0,-10.733,0.0376,122.079,0.211
dorothea,0.696,0.605,225880,0.488,0,-8.322,0.0264,119.966,0.354
coney island (feat. The National),0.819,0.537,275320,0.537,0.000904,-11.266,0.0617,107.895,0.292
ivy,0.855,0.515,260440,0.545,1.97e-05,-9.277,0.0353,88.856,0.535
cowboy like me,0.768,0.604,275040,0.517,0.000155,-9.014,0.0347,127.967,0.511
long story short,0.66,0.546,215920,0.73,0.179,-7.704,0.0417,157.895,0.573
marjorie,0.876,0.535,257773,0.561,0.000136,-11.609,0.0484,96.103,0.287
closure,0.835,0.689,180653,0.704,4.83e-06,-10.813,0.245,151.884,0.92
evermore (feat. Bon Iver),0.937,0.39,304107,0.27,0.00227,-10.673,0.0308,125.177,0.32
right where you left me - bonus track,0.769,0.581,245027,0.619,0.000106,-6.524,0.0282,137.915,0.645
it’s time to go - bonus track,0.801,0.592,254640,0.41,1.39e-05,-12.426,0.0397,151.923,0.416
willow,0.833,0.392,214707,0.574,0.00179,-9.195,0.17,81.112,0.529
champagne problems,0.92,0.462,244000,0.24,0,-12.077,0.0377,171.319,0.32
gold rush,0.83,0.512,185320,0.462,0.166,-10.491,0.0408,112.05,0.353
‘tis the damn season,0.735,0.575,229840,0.434,6.59e-05,-8.193,0.0312,145.916,0.348
tolerate it,0.878,0.316,245440,0.361,2.67e-05,-10.381,0.0488,74.952,0.221
"no body, no crime (feat. HAIM)",0.418,0.546,215627,0.613,0,-7.589,0.0264,79.015,0.535
happiness,0.87,0.559,315147,0.334,0,-10.733,0.0376,122.079,0.211
dorothea,0.696,0.605,225880,0.488,0,-8.322,0.0264,119.966,0.354
coney island (feat. The National),0.819,0.537,275320,0.537,0.000904,-11.266,0.0617,107.895,0.292
ivy,0.855,0.515,260440,0.545,1.97e-05,-9.277,0.0353,88.856,0.535
cowboy like me,0.768,0.604,275040,0.517,0.000155,-9.014,0.0347,127.967,0.511
long story short,0.66,0.546,215920,0.73,0.179,-7.704,0.0417,157.895,0.573
marjorie,0.876,0.535,257773,0.561,0.000136,-11.609,0.0484,96.103,0.287
closure,0.835,0.689,180653,0.704,4.83e-06,-10.813,0.245,151.884,0.92
evermore (feat. Bon Iver),0.937,0.39,304107,0.27,0.00227,-10.673,0.0308,125.177,0.32
the 1,0.75,0.78,210240,0.361,7.14e-06,-6.942,0.048,139.902,0.163
cardigan,0.525,0.612,239560,0.58,0.000414,-8.572,0.0419,130.045,0.534
the last great american dynasty,0.481,0.688,231000,0.653,0.00414,-8.558,0.0403,147.991,0.701
exile (feat. Bon Iver),0.761,0.31,285640,0.374,2.46e-05,-8.464,0.0275,75.938,0.16
my tears ricochet,0.814,0.456,255893,0.265,0,-10.663,0.0328,129.947,0.112
mirrorball,0.686,0.549,208973,0.417,1.9e-06,-10.064,0.035,110.137,0.347
seven,0.888,0.602,208907,0.494,2.59e-05,-10.813,0.0277,94.955,0.374
august,0.553,0.387,261920,0.634,6.93e-05,-9.222,0.0363,89.567,0.42
this is me trying,0.312,0.511,195107,0.478,2.3e-05,-9.837,0.0322,135.882,0.408
illicit affairs,0.862,0.529,190893,0.304,0,-10.567,0.0356,119.58,0.44
invisible string,0.859,0.651,252880,0.459,6.63e-05,-11.128,0.0507,83.455,0.454
mad woman,0.67,0.593,237267,0.7,6.77e-06,-9.016,0.0492,141.898,0.451
epiphany,0.727,0.317,289747,0.254,0.000326,-13.679,0.0286,93.933,0.103
betty,0.589,0.595,294520,0.376,0,-8.767,0.0256,95.946,0.476
peace,0.916,0.644,234000,0.284,1.5e-05,-12.879,0.0821,150.072,0.328
hoax,0.964,0.676,220040,0.178,7.9e-06,-15.01,0.0394,118.84,0.404
the lakes - bonus track,0.842,0.313,211813,0.258,1.3e-06,-11.532,0.0383,179.947,0.268
the 1 - the long pond studio sessions,0.898,0.708,219893,0.25,0.026,-10.731,0.0361,139.803,0.156
cardigan - the long pond studio sessions,0.88,0.395,230680,0.234,0,-9.704,0.0382,86.478,0.247
the last great american dynasty - the long pond studio sessions,0.743,0.64,232347,0.618,0.004,-11.715,0.0379,147.948,0.614
exile (feat. Bon Iver) - the long pond studio sessions,0.848,0.359,279893,0.305,6.74e-05,-10.295,0.0306,151.956,0.108
my tears ricochet - the long pond studio sessions,0.946,0.531,295173,0.172,1.01e-05,-12.34,0.0351,129.007,0.168
mirrorball - the long pond studio sessions,0.78,0.509,237373,0.386,3.45e-05,-8.434,0.0272,109.993,0.109
seven - the long pond studio sessions,0.914,0.694,208987,0.449,0.000126,-11.49,0.0301,94.963,0.363
august - the long pond studio sessions,0.5,0.554,260000,0.663,4.77e-05,-8.961,0.0324,89.977,0.545
this is me trying - the long pond studio sessions,0.928,0.435,209293,0.332,0.000898,-11.611,0.031,68.097,0.157
illicit affairs - the long pond studio sessions,0.883,0.489,183720,0.235,0,-10.274,0.0356,117.699,0.435
invisible string - the long pond studio sessions,0.942,0.59,257360,0.282,4.85e-06,-10.542,0.0281,83.438,0.351
mad woman - the long pond studio sessions,0.887,0.663,238333,0.465,0.000168,-10.463,0.0408,141.834,0.346
epiphany - the long pond studio sessions,0.916,0.524,274880,0.2,0.000392,-13.004,0.0274,93.87,0.113
betty - the long pond studio sessions,0.841,0.538,290040,0.316,0,-9.5,0.0299,95.68,0.518
peace - the long pond studio sessions,0.93,0.619,214373,0.344,7.61e-05,-11.472,0.0647,149.897,0.513
hoax - the long pond studio sessions,0.962,0.682,221800,0.155,0,-13.083,0.0394,118.832,0.483
the lakes - the long pond studio sessions,0.794,0.606,199733,0.221,0,-11.767,0.0468,89.844,0.112
the 1,0.75,0.78,210240,0.361,7.14e-06,-6.942,0.048,139.902,0.163
cardigan,0.525,0.612,239560,0.58,0.000414,-8.572,0.0419,130.045,0.534
the last great american dynasty,0.481,0.688,231000,0.653,0.00414,-8.558,0.0403,147.991,0.701
exile (feat. Bon Iver),0.761,0.31,285640,0.374,2.46e-05,-8.464,0.0275,75.938,0.16
my tears ricochet,0.814,0.456,255893,0.265,0,-10.663,0.0328,129.947,0.112
mirrorball,0.686,0.549,208973,0.417,1.9e-06,-10.064,0.035,110.137,0.347
seven,0.888,0.602,208907,0.494,2.59e-05,-10.813,0.0277,94.955,0.374
august,0.553,0.387,261920,0.634,6.93e-05,-9.222,0.0363,89.567,0.42
this is me trying,0.312,0.511,195107,0.478,2.3e-05,-9.837,0.0322,135.882,0.408
illicit affairs,0.862,0.529,190893,0.304,0,-10.567,0.0356,119.58,0.44
invisible string,0.859,0.651,252880,0.459,6.63e-05,-11.128,0.0507,83.455,0.454
mad woman,0.67,0.593,237267,0.7,6.77e-06,-9.016,0.0492,141.898,0.451
epiphany,0.727,0.317,289747,0.254,0.000326,-13.679,0.0286,93.933,0.103
betty,0.589,0.595,294520,0.376,0,-8.767,0.0256,95.946,0.476
peace,0.916,0.644,234000,0.284,1.5e-05,-12.879,0.0821,150.072,0.328
hoax,0.964,0.676,220040,0.178,7.9e-06,-15.01,0.0394,118.84,0.404
the lakes - bonus track,0.842,0.313,211813,0.258,1.3e-06,-11.532,0.0383,179.947,0.268
the 1,0.757,0.777,210252,0.357,7.28e-06,-6.942,0.0522,139.883,0.172
cardigan,0.537,0.613,239560,0.581,0.000345,-8.588,0.0424,130.033,0.551
the last great american dynasty,0.467,0.686,230999,0.662,0.0023,-8.505,0.0413,147.922,0.706
exile (feat. Bon Iver),0.778,0.298,285634,0.38,5.62e-05,-8.426,0.0287,75.602,0.152
my tears ricochet,0.806,0.456,255894,0.263,0,-10.63,0.0332,129.86,0.111
mirrorball,0.687,0.553,208978,0.413,2.33e-06,-10.037,0.0334,110.107,0.379
seven,0.9,0.596,208907,0.488,2.7e-05,-10.769,0.0274,94.926,0.415
august,0.538,0.532,261923,0.623,7.28e-05,-9.208,0.0331,89.937,0.403
this is me trying,0.314,0.515,195097,0.476,4.74e-05,-9.843,0.0328,135.886,0.412
illicit affairs,0.881,0.559,190898,0.31,0,-10.445,0.0338,119.845,0.46
invisible string,0.838,0.653,252881,0.452,7.73e-05,-11.143,0.055,83.433,0.45
mad woman,0.655,0.592,237258,0.699,1.68e-05,-8.995,0.0471,141.916,0.506
epiphany,0.731,0.354,289749,0.267,0.000402,-13.69,0.0281,94.219,0.113
betty,0.6,0.593,294521,0.377,0,-8.761,0.0253,95.939,0.502
peace,0.918,0.647,234000,0.272,1.73e-05,-12.906,0.0916,150.044,0.339
hoax,0.966,0.662,220043,0.181,3.86e-06,-15.065,0.0415,118.819,0.429
I Forgot That You Existed,0.298,0.664,170640,0.316,2.03e-06,-10.345,0.519,92.875,0.541
Cruel Summer,0.117,0.552,178427,0.702,2.06e-05,-5.707,0.157,169.994,0.564
Lover,0.492,0.359,221307,0.543,1.58e-05,-7.582,0.0919,68.534,0.453
The Man,0.0767,0.777,190360,0.658,0,-5.191,0.054,110.048,0.633
The Archer,0.12,0.292,211240,0.574,0.00569,-9.375,0.0401,124.344,0.166
I Think He Knows,0.00889,0.897,173387,0.366,0.000353,-8.029,0.0569,100.003,0.416
Miss Americana & The Heartbreak Prince,0.028,0.662,234147,0.747,0.00615,-6.926,0.0736,150.088,0.487
Paper Rings,0.0129,0.811,222400,0.719,1.36e-05,-6.553,0.0497,103.979,0.865
Cornelia Street,0.781,0.824,287267,0.624,0.000189,-9.728,0.0827,102.012,0.248
Death By A Thousand Cuts,0.454,0.712,198533,0.732,0,-6.754,0.0629,94.071,0.313
London Boy,0.0246,0.695,190240,0.71,0.000104,-6.639,0.05,157.925,0.557
Soon You’ll Get Better (feat. The Chicks),0.907,0.433,201587,0.182,0,-12.566,0.0641,207.476,0.421
False God,0.736,0.739,200307,0.32,0.000147,-10.862,0.239,79.97,0.351
You Need To Calm Down,0.00929,0.771,171360,0.671,0,-5.617,0.0553,85.026,0.714
Afterglow,0.13,0.756,223293,0.449,0,-8.746,0.0344,111.011,0.399
ME! (feat. Brendon Urie of Panic! At The Disco),0.033,0.61,193000,0.83,0,-4.105,0.0571,182.162,0.728
It’s Nice To Have A Friend,0.971,0.737,150440,0.175,0.000337,-9.912,0.0401,70.008,0.545
Daylight,0.808,0.557,293453,0.496,0.000173,-9.602,0.0563,149.983,0.265
...Ready For It?,0.0527,0.613,208187,0.764,0,-6.509,0.136,160.015,0.417
End Game,0.00845,0.649,244827,0.589,0,-6.237,0.0558,159.073,0.151
I Did Something Bad,0.0679,0.696,238253,0.602,2.11e-05,-6.156,0.159,82.989,0.305
Don’t Blame Me,0.106,0.615,236413,0.534,1.76e-05,-6.719,0.0386,135.917,0.193
Delicate,0.216,0.75,232253,0.404,0.000357,-10.178,0.0682,95.045,0.0499
Look What You Made Me Do,0.204,0.766,211853,0.709,1.41e-05,-6.471,0.123,128.07,0.506
So It Goes...,0.122,0.574,227907,0.61,1.1e-06,-7.283,0.0732,74.957,0.374
Gorgeous,0.0713,0.8,209680,0.535,9.48e-06,-6.684,0.135,92.027,0.451
Getaway Car,0.00465,0.562,233627,0.689,2.23e-06,-6.745,0.127,172.054,0.351
King Of My Heart,0.00882,0.675,214320,0.703,2.21e-06,-7.902,0.0382,110.01,0.314
Dancing With Our Hands Tied,0.0604,0.624,211507,0.691,1.1e-05,-6.686,0.196,160.024,0.284
Dress,0.0329,0.719,230373,0.469,0,-8.792,0.0533,120.085,0.0851
This Is Why We Can't Have Nice Things,0.0156,0.567,207133,0.789,0,-5.986,0.115,163.96,0.438
Call It What You Want,0.186,0.598,203507,0.504,0.000221,-9.874,0.0731,163.954,0.252
New Year’s Day,0.921,0.661,235467,0.151,0,-12.864,0.0354,94.922,0.23
All Too Well,0.0448,0.602,329160,0.605,0.000334,-7.803,0.0244,93.061,0.316
Wildest Dreams,0.0692,0.55,220440,0.688,0.00144,-7.416,0.0897,139.997,0.465
The Best Day,0.639,0.669,246307,0.448,4.06e-06,-8.566,0.0285,126.068,0.383
Red,0.0779,0.605,223093,0.899,0.000125,-4.273,0.0423,124.985,0.647
Holy Ground,0.0162,0.627,202960,0.816,0.00208,-6.698,0.0774,157.043,0.648
Teardrops On My Guitar - Radio Single Remix,0.313,0.626,204707,0.427,0,-6.993,0.0234,99.959,0.263
Our Song,0.114,0.545,203440,0.663,0,-5.05,0.0363,178.013,0.565
22,0.00254,0.66,232120,0.733,0.00146,-6.564,0.0379,104.009,0.68
I Knew You Were Trouble.,0.00476,0.536,219720,0.464,2.67e-06,-6.761,0.0412,77.318,0.665
I Don’t Wanna Live Forever (Fifty Shades Darker),0.0586,0.731,247160,0.445,1.96e-05,-8.418,0.0533,117.97,0.106
Mean,0.451,0.576,238693,0.754,0,-3.982,0.0428,163.886,0.79
How You Get The Girl,0.00364,0.765,247533,0.656,0.00868,-6.112,0.0504,119.997,0.545
So It Goes...,0.122,0.574,227907,0.61,1.1e-06,-7.283,0.0732,74.957,0.374
Fifteen,0.0717,0.55,295320,0.628,0,-4.437,0.0269,95.122,0.211
Mine,0.00302,0.621,231867,0.779,3.22e-06,-2.943,0.0301,121.034,0.67
Sparks Fly,0.041,0.61,262920,0.782,0,-2.98,0.0309,114.977,0.399
State Of Grace,0.000184,0.591,295720,0.828,0.00113,-5.895,0.0333,129.962,0.383
Haunted,0.0648,0.431,245413,0.949,0,-2.622,0.0605,162.012,0.37
Never Grow Up,0.824,0.714,292920,0.309,0,-8.828,0.0302,124.894,0.545
Treacherous,0.101,0.704,242760,0.621,4.3e-06,-8.086,0.0334,109.995,0.395
Babe,0.0221,0.577,215107,0.784,0,-3.266,0.101,171.791,0.643
Welcome To New York,0.0348,0.789,212600,0.634,1.64e-06,-4.762,0.0323,116.992,0.658
Fearless,0.0377,0.603,242973,0.718,0,-4.401,0.0272,100.163,0.429
Enchanted,0.0717,0.535,353253,0.626,0.00127,-3.895,0.0274,81.963,0.218
Change,0.00418,0.543,281053,0.763,0,-4.206,0.0376,96.006,0.234
Ours,0.469,0.61,239347,0.56,0,-7.392,0.0279,159.837,0.228
Out Of The Woods,0.000743,0.553,235800,0.841,1.19e-05,-6.937,0.0396,92.008,0.338
Come Back...Be Here,0.00471,0.483,223920,0.548,2.01e-06,-6.291,0.0254,79.926,0.217
A Place in this World,0.0577,0.573,202080,0.767,0,-2.929,0.0323,114.984,0.438
This Love,0.678,0.481,250093,0.435,0,-8.795,0.0321,143.95,0.107
The Lucky One,0.0352,0.706,240267,0.505,0,-7.639,0.0358,117.935,0.561
Invisible,0.56,0.609,205853,0.383,0,-5.732,0.0243,96.005,0.224
Breathe,0.416,0.442,264947,0.48,0,-7.405,0.0281,73.849,0.167
Better Man,0.123,0.502,263613,0.843,0,-3.648,0.0378,143.944,0.507
Jump Then Fall,0.113,0.617,238093,0.699,0,-5.712,0.0274,80.007,0.818
Begin Again,0.199,0.53,239427,0.526,3.52e-06,-8.349,0.0263,79.025,0.323
Tied Together with a Smile,0.521,0.479,251213,0.547,0,-4.948,0.0275,146.147,0.238
The Story Of Us,0.00556,0.547,267653,0.808,0.000304,-3.63,0.0398,139.908,0.65
Forever & Always,0.0806,0.607,226293,0.829,0,-5.02,0.0588,128.057,0.52
Hey Stephen,0.191,0.843,256040,0.541,1.85e-06,-7.361,0.0318,116.001,0.838
Speak Now,0.0991,0.712,243347,0.603,0,-3.753,0.0304,118.986,0.714
Wonderland,0.0493,0.422,245560,0.692,2.57e-05,-5.447,0.0549,184.014,0.197
White Horse,0.314,0.578,235400,0.348,0,-8.066,0.0257,92.673,0.218
I'm Only Me When I'm With You,0.00454,0.556,215600,0.933,0.000469,-3.685,0.072,143.936,0.521
Starlight,0.0192,0.649,220600,0.777,0.000487,-5.797,0.0391,126.014,0.616
I Know Places,0.245,0.602,195707,0.755,0,-4.991,0.071,159.965,0.495
Welcome To New York,0.0348,0.789,212600,0.634,1.64e-06,-4.762,0.0323,116.992,0.658
Blank Space,0.103,0.76,231827,0.703,0,-5.412,0.054,95.997,0.57
Style,0.00245,0.588,231000,0.791,0.00258,-5.595,0.0402,94.933,0.487
Out Of The Woods,0.000743,0.553,235800,0.841,1.19e-05,-6.937,0.0396,92.008,0.338
All You Had To Do Was Stay,0.00201,0.605,193293,0.725,2.02e-05,-5.729,0.0323,96.97,0.539
Shake It Off,0.0647,0.647,219200,0.8,0,-5.384,0.165,160.078,0.942
I Wish You Would,0.0158,0.653,207440,0.893,4.95e-05,-5.966,0.0538,118.035,0.513
Bad Blood,0.0885,0.646,211933,0.794,6.16e-06,-6.104,0.19,170.216,0.287
Wildest Dreams,0.0692,0.55,220440,0.688,0.00144,-7.416,0.0897,139.997,0.465
How You Get The Girl,0.00364,0.765,247533,0.656,0.00868,-6.112,0.0504,119.997,0.545
This Love,0.678,0.481,250093,0.435,0,-8.795,0.0321,143.95,0.107
I Know Places,0.245,0.602,195707,0.755,0,-4.991,0.071,159.965,0.495
Clean,0.232,0.815,271000,0.377,0,-7.754,0.0346,103.97,0.211
Wonderland,0.0493,0.422,245560,0.692,2.57e-05,-5.447,0.0549,184.014,0.197
You Are In Love,0.707,0.474,267107,0.48,0.000108,-8.894,0.0622,170.109,0.319
New Romantics,0.00463,0.633,230467,0.889,0.000458,-5.87,0.0715,121.956,0.584
I Know Places - Voice Memo,0.829,0.592,216333,0.128,0,-17.932,0.589,78.828,0.15
I Wish You Would - Voice Memo,0.717,0.781,107133,0.357,0,-16.394,0.912,118.317,0.645
Blank Space - Voice Memo,0.801,0.675,131187,0.234,0,-15.064,0.721,127.296,0.578
Welcome To New York,0.038,0.793,212600,0.634,1.76e-06,-4.807,0.0324,117.024,0.615
Blank Space,0.085,0.753,231827,0.678,1.64e-06,-5.421,0.0644,96.006,0.583
Style,0.00253,0.598,231000,0.786,0.0016,-5.572,0.0383,95.019,0.456
Out Of The Woods,0.00103,0.552,235800,0.842,1.17e-05,-6.938,0.0373,91.991,0.343
All You Had To Do Was Stay,0.00196,0.602,193293,0.736,4.57e-05,-5.778,0.0338,96.969,0.471
Shake It Off,0.0561,0.647,219200,0.785,0,-5.414,0.165,160.015,0.943
I Wish You Would,0.016,0.648,207440,0.898,9.91e-05,-5.963,0.0513,118.02,0.502
Bad Blood,0.0871,0.65,211933,0.802,6.54e-06,-6.114,0.181,170.146,0.295
Wildest Dreams,0.0702,0.554,220440,0.666,0.00593,-7.414,0.0747,140.056,0.472
How You Get The Girl,0.00461,0.764,247533,0.66,0.00477,-6.136,0.0494,119.988,0.524
This Love,0.635,0.475,250093,0.459,0,-8.768,0.0333,143.988,0.0828
I Know Places,0.231,0.596,195707,0.763,0,-4.99,0.0661,159.958,0.507
Clean,0.241,0.81,271000,0.379,0,-7.771,0.0349,103.981,0.22
State Of Grace,0.000197,0.588,295187,0.825,0.00138,-5.882,0.0328,129.968,0.397
Red,0.0773,0.602,220827,0.896,8.87e-05,-4.267,0.0437,124.978,0.641
Treacherous,0.101,0.705,240773,0.621,4.3e-06,-8.086,0.0334,109.993,0.395
I Knew You Were Trouble.,0.00454,0.622,217973,0.469,2.25e-06,-6.798,0.0363,77.019,0.679
All Too Well,0.0382,0.602,327893,0.609,0.0002,-7.803,0.0243,93.06,0.337
22,0.00215,0.658,230133,0.729,0.0013,-6.561,0.0378,104.007,0.668
I Almost Do,0.0173,0.567,242573,0.481,4.13e-05,-7.357,0.027,145.865,0.233
We Are Never Ever Getting Back Together,0.00957,0.628,191880,0.676,2.65e-05,-5.911,0.0916,85.984,0.75
Stay Stay Stay,0.307,0.729,204827,0.748,1.29e-06,-6.67,0.0245,99.981,0.928
The Last Time,0.035,0.505,298293,0.443,3.15e-06,-7.039,0.0276,94.069,0.123
Holy Ground,0.0162,0.627,201853,0.816,0.00208,-6.698,0.0774,157.043,0.648
Sad Beautiful Tragic,0.632,0.624,283680,0.34,0.0337,-12.411,0.029,129.987,0.261
The Lucky One,0.0371,0.706,240133,0.499,0,-7.675,0.0369,117.937,0.545
Everything Has Changed,0.36,0.624,243933,0.458,3.89e-06,-6.755,0.0287,80.017,0.436
Starlight,0.0213,0.649,217827,0.777,0.000335,-5.804,0.0406,126.018,0.587
Begin Again,0.199,0.53,237613,0.526,3.52e-06,-8.349,0.0263,79.025,0.323
The Moment I Knew,0.187,0.62,285560,0.506,1.47e-05,-7.327,0.0312,126.015,0.275
Come Back...Be Here,0.00471,0.483,222707,0.548,2.01e-06,-6.291,0.0254,79.926,0.217
Girl At Home,0.272,0.733,220320,0.59,0,-5.86,0.0284,125.048,0.633
Treacherous - Original Demo Recording,0.175,0.828,239720,0.64,6.14e-05,-8.248,0.0355,109.993,0.519
Red - Original Demo Recording,0.113,0.678,226280,0.902,0.000235,-4.659,0.0358,124.998,0.637
State Of Grace - Acoustic,0.664,0.626,323080,0.118,0.000169,-15.91,0.0305,105.597,0.0682
State Of Grace,0.000197,0.588,295187,0.825,0.00138,-5.882,0.0328,129.968,0.397
Red,0.0773,0.602,220827,0.896,8.87e-05,-4.267,0.0437,124.978,0.641
Treacherous,0.101,0.705,240773,0.621,4.3e-06,-8.086,0.0334,109.993,0.395
I Knew You Were Trouble.,0.00454,0.622,217973,0.469,2.25e-06,-6.798,0.0363,77.019,0.679
All Too Well,0.0382,0.602,327893,0.609,0.0002,-7.803,0.0243,93.06,0.337
22,0.00215,0.658,230133,0.729,0.0013,-6.561,0.0378,104.007,0.668
I Almost Do,0.0173,0.567,242573,0.481,4.13e-05,-7.357,0.027,145.865,0.233
We Are Never Ever Getting Back Together,0.00957,0.628,191880,0.676,2.65e-05,-5.911,0.0916,85.984,0.75
Stay Stay Stay,0.307,0.729,204827,0.748,1.29e-06,-6.67,0.0245,99.981,0.928
The Last Time,0.035,0.505,298293,0.443,3.15e-06,-7.039,0.0276,94.069,0.123
Holy Ground,0.0162,0.627,201853,0.816,0.00208,-6.698,0.0774,157.043,0.648
Sad Beautiful Tragic,0.632,0.624,283680,0.34,0.0337,-12.411,0.029,129.987,0.261
The Lucky One,0.0371,0.706,240133,0.499,0,-7.675,0.0369,117.937,0.545
Everything Has Changed,0.36,0.624,243933,0.458,3.89e-06,-6.755,0.0287,80.017,0.436
Starlight,0.0213,0.649,217827,0.777,0.000335,-5.804,0.0406,126.018,0.587
Begin Again,0.199,0.53,237613,0.526,3.52e-06,-8.349,0.0263,79.025,0.323
Sparks Fly - Live/2011,0.00917,0.455,336827,0.783,0,-5.184,0.0393,114.981,0.298
Mine - Live/2011,0.00233,0.496,259280,0.852,0,-4.775,0.0373,120.969,0.442
The Story Of Us - Live,0.00048,0.419,290520,0.908,0,-5.156,0.0651,139.813,0.472
Mean - Live/2011,0.154,0.429,246373,0.915,0,-4.373,0.069,163.752,0.432
Ours - Live/2011,0.715,0.421,245973,0.355,0,-10.21,0.0298,77.769,0.267
Back To December/Apologize/You're Not Sorry - Live/2011/Medley,0.155,0.374,362827,0.516,0,-8.745,0.0294,142.057,0.171
Better Than Revenge - Live/2011,0.00306,0.445,344573,0.887,2.67e-05,-5.629,0.0768,145.954,0.386
Speak Now - Live/2011,0.0636,0.615,248147,0.694,1.28e-06,-5.251,0.0318,118.876,0.373
Last Kiss - Live/2011,0.205,0.427,369067,0.395,8.73e-06,-12.551,0.0291,79.517,0.188
Drops Of Jupiter - Live/2011,0.806,0.374,315173,0.504,0,-8.407,0.0392,109.025,0.27
Bette Davis Eyes - Live/2011,0.713,0.327,189147,0.488,0,-9.287,0.0322,104.46,0.363
I Want You Back - Live/2011,0.794,0.536,83253,0.512,0.000122,-6.794,0.0341,97.397,0.249
Dear John - Live/2011,0.0157,0.521,404680,0.386,0,-8.784,0.0301,119.518,0.138
Enchanted - Live/2011,0.0747,0.34,389213,0.663,2.34e-06,-5.597,0.0331,163.678,0.214
Haunted - Live/2011,0.0245,0.338,292427,0.818,0,-7.495,0.0496,162.157,0.177
Long Live - Live/2011,0.0053,0.544,376467,0.728,0,-5.838,0.0282,101.939,0.204
Mine,0.00265,0.624,230707,0.757,1.87e-06,-2.94,0.0296,121.07,0.658
Sparks Fly,0.0396,0.605,260933,0.787,1.42e-06,-3.002,0.0308,114.987,0.374
Back To December,0.117,0.529,293027,0.67,0,-4.663,0.0303,141.893,0.286
Speak Now,0.095,0.709,240760,0.599,0,-3.734,0.0304,118.975,0.735
Dear John,0.166,0.589,403920,0.47,1.45e-06,-5.32,0.028,119.386,0.102
Mean,0.452,0.568,237733,0.761,0,-3.987,0.0459,163.974,0.789
The Story Of Us,0.00478,0.543,265667,0.818,0.000368,-3.611,0.0398,139.898,0.683
Never Grow Up,0.819,0.714,290467,0.305,0,-8.837,0.0305,124.91,0.554
Enchanted,0.0739,0.455,352187,0.623,0.000424,-3.878,0.0288,163.893,0.208
Better Than Revenge,0.0139,0.516,217160,0.917,6.37e-06,-3.186,0.0827,145.821,0.635
Innocent,0.186,0.552,302253,0.608,0,-5.29,0.0259,134.05,0.17
Haunted,0.0826,0.436,242080,0.95,1.08e-06,-2.627,0.057,162.088,0.352
Last Kiss,0.57,0.371,367133,0.341,3.09e-05,-9.475,0.0319,89.038,0.196
Long Live,0.036,0.418,317453,0.68,7.59e-05,-4.3,0.0347,204.12,0.142
Ours,0.537,0.608,237920,0.569,0,-7.227,0.0284,159.845,0.238
If This Was A Movie,0.166,0.511,234547,0.719,4.54e-06,-3.457,0.0265,147.852,0.289
Superman,0.0268,0.582,275960,0.765,1.95e-06,-3.648,0.0324,131.982,0.559
Back To December - Acoustic,0.748,0.541,292560,0.453,0,-6.459,0.0266,141.757,0.377
Haunted - Acoustic Version,0.842,0.563,217613,0.443,0,-5.078,0.0247,80.962,0.313
Mine - POP Mix,0.00727,0.695,230333,0.723,1.2e-06,-3.806,0.0285,121.011,0.679
Mine,0.00265,0.624,230707,0.757,1.87e-06,-2.94,0.0296,121.07,0.658
Sparks Fly,0.0396,0.605,260933,0.787,1.42e-06,-3.002,0.0308,114.987,0.374
Back To December,0.117,0.529,293027,0.67,0,-4.663,0.0303,141.893,0.286
Speak Now,0.095,0.709,240760,0.599,0,-3.734,0.0304,118.975,0.735
Dear John,0.166,0.589,403920,0.47,1.45e-06,-5.32,0.028,119.386,0.102
Mean,0.452,0.568,237733,0.761,0,-3.987,0.0459,163.974,0.789
The Story Of Us,0.00478,0.543,265667,0.818,0.000368,-3.611,0.0398,139.898,0.683
Never Grow Up,0.819,0.714,290467,0.305,0,-8.837,0.0305,124.91,0.554
Enchanted,0.0739,0.455,352187,0.623,0.000424,-3.878,0.0288,163.893,0.208
Better Than Revenge,0.0139,0.516,217160,0.917,6.37e-06,-3.186,0.0827,145.821,0.635
Innocent,0.186,0.552,302253,0.608,0,-5.29,0.0259,134.05,0.17
Haunted,0.0826,0.436,242080,0.95,1.08e-06,-2.627,0.057,162.088,0.352
Last Kiss,0.57,0.371,367133,0.341,3.09e-05,-9.475,0.0319,89.038,0.196
Long Live,0.036,0.418,317947,0.68,7.59e-05,-4.3,0.0346,204.125,0.142
Jump Then Fall,0.111,0.618,237067,0.687,0,-5.737,0.0271,79.991,0.82
Untouchable,0.0583,0.419,311040,0.454,3.78e-06,-6.809,0.0335,200.017,0.288
Forever & Always - Piano Version,0.852,0.592,267507,0.16,0,-10.785,0.0347,118.929,0.294
Come In With The Rain,0.0868,0.527,238107,0.475,4.34e-06,-6.205,0.0258,143.962,0.224
SuperStar,0.367,0.61,261453,0.531,0,-6.123,0.0239,85.979,0.228
The Other Side Of The Door,0.169,0.476,237600,0.816,0,-4.279,0.0347,163.847,0.469
Fearless,0.0364,0.598,242000,0.714,1.04e-06,-4.397,0.0273,99.979,0.467
Fifteen,0.0728,0.559,294347,0.636,0,-4.4,0.0263,95.485,0.214
Love Story,0.157,0.618,235280,0.736,0,-3.937,0.0308,118.982,0.307
Hey Stephen,0.168,0.843,254320,0.553,2.66e-06,-7.348,0.0317,115.997,0.825
White Horse,0.302,0.585,234440,0.346,0,-8.014,0.0256,92.564,0.195
You Belong With Me,0.164,0.687,231147,0.771,2.46e-05,-4.424,0.0384,129.964,0.445
Breathe,0.373,0.498,263987,0.486,0,-7.384,0.0273,147.952,0.17
Tell Me Why,0.0606,0.601,200560,0.852,3.41e-06,-3.096,0.0386,100.015,0.513
You're Not Sorry,0.13,0.459,261800,0.459,2.3e-06,-4.126,0.0275,134.018,0.281
The Way I Loved You,0.0322,0.436,244240,0.712,0,-3.689,0.0329,160.886,0.379
Forever & Always,0.0907,0.605,225333,0.829,0,-4.993,0.0549,128.012,0.514
The Best Day,0.611,0.664,245347,0.447,1e-06,-8.535,0.0292,126.079,0.364
Change,0.00471,0.548,281053,0.756,0,-4.175,0.036,96.038,0.224
Fearless,0.04,0.594,241987,0.712,0,-4.418,0.0273,99.972,0.476
Fifteen,0.067,0.556,294333,0.651,0,-4.396,0.0266,95.485,0.203
Love Story,0.17,0.618,235267,0.741,0,-3.95,0.031,118.984,0.296
Hey Stephen,0.194,0.841,254307,0.544,2.48e-06,-7.347,0.0309,115.994,0.831
White Horse,0.305,0.578,234427,0.34,0,-8.027,0.0264,92.702,0.223
You Belong With Me,0.162,0.687,231133,0.783,1.35e-05,-4.44,0.0386,129.964,0.443
Breathe,0.379,0.505,263973,0.482,0,-7.372,0.0276,73.975,0.184
Tell Me Why,0.0571,0.604,200547,0.855,3.65e-06,-3.097,0.038,99.96,0.51
You're Not Sorry,0.146,0.475,261787,0.452,1.36e-06,-4.134,0.027,133.959,0.276
The Way I Loved You,0.0408,0.433,244227,0.7,0,-3.709,0.0336,160.927,0.398
Forever & Always,0.0752,0.608,225320,0.821,0,-4.985,0.0576,128.042,0.544
The Best Day,0.647,0.666,245333,0.434,1.95e-06,-8.543,0.0289,126.084,0.396
Change,0.00408,0.541,280240,0.77,0,-4.17,0.0354,96.013,0.215
Love Story - Live From Clear Channel Stripped 2008,0.659,0.741,221028,0.444,0,-7.031,0.0311,119.006,0.512
Fearless - Live From Clear Channel Stripped 2008,0.814,0.623,198247,0.266,0,-5.894,0.026,96.601,0.467
Beautiful Eyes - Live From Clear Channel Stripped 2008,0.596,0.627,176316,0.704,0,-3.739,0.0269,98.958,0.457
Untouchable - Live From Clear Channel Stripped 2008,0.856,0.731,222959,0.184,0,-9.235,0.0418,102.404,0.331
Teardrops On My Guitar - Live From Clear Channel Stripped 2008,0.664,0.344,196347,0.801,0,-5.373,0.0574,204.489,0.615
Picture To Burn - Live From Clear Channel Stripped 2008,0.266,0.647,173899,0.872,0,-1.953,0.0524,105.798,0.684
Should've Said No - Live From Clear Channel Stripped 2008,0.399,0.429,228474,0.808,0,-3.004,0.0677,171.537,0.438
Change - Live From Clear Channel Stripped 2008,0.156,0.243,258487,0.712,0,-4.307,0.0577,202.319,0.273
Tim McGraw,0.575,0.58,232107,0.491,0,-6.462,0.0251,76.009,0.425
Picture To Burn,0.173,0.658,173067,0.877,0,-2.098,0.0323,105.586,0.821
Teardrops On My Guitar - Radio Single Remix,0.288,0.621,203040,0.417,0,-6.941,0.0231,99.953,0.289
A Place in this World,0.051,0.576,199200,0.777,0,-2.881,0.0324,115.028,0.428
Cold As You,0.217,0.418,239013,0.482,0,-5.769,0.0266,175.558,0.261
The Outside,0.00491,0.589,207107,0.805,0,-4.055,0.0293,112.982,0.591
Tied Together with a Smile,0.525,0.479,248107,0.578,0,-4.963,0.0294,146.165,0.192
Stay Beautiful,0.0868,0.594,236053,0.629,0,-4.919,0.0246,131.597,0.504
Should've Said No,0.0103,0.476,242200,0.777,0,-3.771,0.0289,167.964,0.472
Mary's Song (Oh My My My),0.0177,0.403,213080,0.627,0,-5.28,0.0292,74.9,0.374
Our Song,0.111,0.668,201107,0.672,0,-4.931,0.0303,89.011,0.539
I'm Only Me When I'm With You,0.00452,0.563,213053,0.934,0.000807,-3.629,0.0646,143.964,0.518
Invisible,0.637,0.612,203227,0.394,0,-5.723,0.0243,96.001,0.233
A Perfectly Good Heart,0.00349,0.483,220147,0.751,0,-5.726,0.0365,156.092,0.268
Teardrops on My Guitar - Pop Version,0.0402,0.459,179067,0.753,0,-3.827,0.0537,199.997,0.483
